acgme_id,program_name,institution,city,state,zip,country,phone,email,program_director,accreditation_status,effective_date
1603521049,Albany Med Health System Program,Albany Medical College,Albany,NY,12208,United States,,adamom@amc.edu,"Matthew Adamo, MD, MA",Continued Accreditation,01/22/2026
1604131116,Allegheny Health Network Medical Education Consortium (AGH) Program,AHN Allegheny General Hospital,Pittsburgh,PA,15212,United States,(412) 359-3575,jody.leonardo@ahn.org,"Jody Leonardo, MD",Continued Accreditation,01/22/2026
1601700001,Ascension St. Vincent Hospital Program,Ascension St Vincent Hospital Indianapolis,Indianapolis,IN,46260,United States,(317) 396-1281,ASVNeurosurgeryResidency@ascension.org,"Richard Rodgers, MD",Continued Accreditation without Outcomes,04/13/2026
1600312004,Barrow Neurological Institute at St Joseph's Hospital and Medical Center Program,St Joseph's Hospital and Medical Center,Phoenix,AZ,85013,United States,(602) 406-3242,Neurosurgery@barrowneuro.org,"Francisco Ponce, MD",Continued Accreditation,01/22/2026
1604821084,Baylor College of Medicine Program,Baylor College of Medicine,Houston,TX,77030,United States,(713) 798-5421,nsprograms@bcm.edu,"Akash J. Patel, MD",Continued Accreditation,01/22/2026
1604800127,Baylor Scott & White Medical Center - Baylor College of Medicine (Temple) Program,2401 South 31st Street,Temple,TX,76508,United States,(254) 724-6311,Robin.Hill1@BSWHealth.org,"Awais Z. Vance, MD",Continued Accreditation,01/22/2026
1602400132,Beth Israel Deaconess Medical Center Program © 2026 Accreditation Council for Graduate,Beth Israel Deaconess Medical Center,Boston,MA,02115,United States,(617) 638-8994,James.Holsapple@bmc.org,"James Holsapple, MD",Continued Accreditation,01/22/2026
1605100092,Carilion Clinic- Virginia Tech Carilion School of Medicine Program,Institute for Orthopaedics and Neurosciences,Roanoke,VA,24014,United States,(540) 759-6919,elsmith2@carilionclinic.org,"Mark R. Witcher, MD, PhD",Continued Accreditation,01/22/2026
1603600062,Carolinas Medical Center Program,1000 Blythe Blvd,Charlotte,NC,28203,United States,(704) 376-1605,Nicole.Sherrell@advocatehealth.org,"Scott D. Wait, MD",Continued Accreditation,01/22/2026
1603821065,Case Western Reserve University/University Hospitals Cleveland Medical Center Program,University Hospitals Cleveland Medical,Cleveland,OH,44106,United States,(216) 844-5741,Krystal.tomei@UHhospitals.org,"Krystal L. Tomei, MD, MPH",Continued Accreditation,01/22/2026
1600513124,Cedars-Sinai Medical Center Program,Department of Neurosurgery,Los Angeles,CA,90048,United States,(310) 423-7900,nsrprogramcoordinator@cshs.org,"Chirag Patil, MD",Continued Accreditation,01/22/2026
1603822066,Cleveland Clinic Foundation Program,Cleveland Clinic,Cleveland,OH,44195,United States,(216) 445-4318,battise@ccf.org,"Richard P. Schlenk, MD",Continued Accreditation,01/22/2026
1601100004,Cleveland Clinic Foundation/Florida Weston Program,2950 Cleveland Clinic Blvd,Weston,FL,33331,United States,(954) 498-6844,ninod@ccf.org,"Hoon Choi, MD, PhD",Initial Accreditation,07/01/2025
1602313129,Clinical Center at the National Institutes of Health Program,National Institutes of Health,Bethesda,MD,20892,United States,(301) 496-2921,heissj@ninds.nih.gov,"John D. Heiss, MD",Continued Accreditation,01/22/2026
1604100136,Cooper Medical School of Rowan University/Cooper University Hospital Program,Neurosurgery Residency Program,Camden,NJ,08103,United States,(615) 693-7197,neurosurgery-residency@cooperhealth.edu,"Saniya S. Godil, MD, MSci",Continued Accreditation,01/22/2026
1602500133,Corewell Health – Grand Rapids/Michigan State University Program © 2026 Accreditation Council for Graduate,100 Michigan St NE,Grand Rapids,MI,49503,United States,(616) 267-7900,tarra.geertman@corewellhealth.org,"Paul Mazaris, MD",Continued Accreditation,04/13/2026
1602500136,Corewell Health/William Beaumont University (Dearborn/Royal Oak) Program,Corewell Health William Beaumont University,Royal Oak,MI,48073,United States,(248) 551-1554,Jeffrey.Jacob2@corewellhealth.org,"Jeffrey T. Jacob, MD",Continued Accreditation,01/22/2026
1603221048,Dartmouth- Hitchcock/Mary Hitchcock Memorial Hospital Program,Dartmouth Hitchcock Medical Center,Lebanon,NH,03756,United States,(603) 715-0358,tobi.j.cooney@hitchcock.org,"Linton T. Evans, MD",Continued Accreditation,01/22/2026
1603621060,Duke University Hospital Program,Duke University Hospital,Durham,NC,27710,United States,(919) 684-3053,steven.cook@duke.edu,"Steven H. Cook, MD",Continued Accreditation,01/22/2026
1601221020,Emory University School of Medicine Program,The Emory Clinic,Atlanta,GA,30322,United States,(404) 778-1398,jonathangrossberg@gmail.com,"Jonathan S. Grossberg, MD",Continued Accreditation,01/22/2026
1604100135,Geisinger Health System Program,Geisinger Health System,Danville,PA,17822,United States,(570) 214-9175,aconger@geisinger.edu,"Andrew R. Conger, MD, MS",Continued Accreditation,01/22/2026
1601021017,George Washington University Program,George Washington University Medical,Washington,DC,20037,United States,(202) 741-2712,agumus@mfa.gwu.edu,"Michael K. Rosner, MD",Continued Accreditation,01/22/2026
1603300001,Hackensack Meridian Health Program,Hackensack University Medical Center,Hackensack,NJ,07601,United States,(201) 342-2550,ira.goldstein@hmhn.org,"Ira M. Goldstein, MD",Initial Accreditation,07/01/2026
1602511040,Henry Ford Health/Henry Ford Hospital Program,Henry Ford Hospital,Detroit,MI,48202,United States,(313) 916-2723,kwarne11@hfhs.org,"Ian Lee, MD",Continued Accreditation,01/22/2026
1602500134,Henry Ford Providence Hospital Program © 2026 Accreditation Council for Graduate,16001 W. Nine Mile Road,Southfield,MI,48075,United States,(248) 569-7745,bricha12@hfhs.org,"Boyd F. Richards, DO, BA",Continued Accreditation,01/22/2026
1604812123,Houston Methodist Hospital (Medical Center) Program,Methodist Hospital,Houston,TX,77030,United States,,cmgutierrez2@HoustonMethodist.org,"David S. Baskin, MD",Continued Accreditation,01/22/2026
1603521053,Icahn School of Medicine at Mount Sinai Program,Icahn School of Medicine at Mount Sinai,New York,NY,10029,United States,(212) 241-6147,raj.shrivastava@mountsinai.org,"Raj K. Shrivastava, MD",Continued Accreditation,01/22/2026
1601711027,Indiana University School of Medicine Program,Indiana University School of Medicine,Indianapolis,IN,46202,United States,(317) 963-1300,jaathorn@iu.edu,"James C. Miller, MD",Continued Accreditation,01/22/2026
1605100091,Inova Fairfax Hospital Campus Program,Inova Fairfax Hospital Campus,Falls Church,VA,22042,United States,(703) 776-8310,james.leiphart@inova.org,"James W. Leiphart, MD, PhD",Continued Accreditation,01/22/2026
1602321034,Johns Hopkins University Program,The Johns Hopkins University School of,Baltimore,MD,21287,United States,(410) 502-5767,jhuang24@jhmi.edu,"Judy Huang, MD",Continued Accreditation,01/22/2026
1600511008,Loma Linda University Health Education Consortium Program,Loma Linda University Medical Center,Loma Linda,CA,92354,United States,(909) 558-6388,JDye@llu.edu,"Justin Dye, MD",Continued Accreditation,01/22/2026
1602113119,Louisiana State University (Shreveport) Program,LSU Health Sciences Center,Shreveport,LA,71130,United States,(318) 675-7067,christina.dominique@lsuhs.edu,"Christina M. Notarianni, MD, MEd",Continued Accreditation,01/22/2026
1602121032,Louisiana State University School of Medicine Program © 2026 Accreditation Council for Graduate,Louisiana State University Health Science,New Orleans,LA,70112,United States,(504) 568-6120,cdav47@lsuhsc.edu,"John C. Steck, MD",Continued Accreditation,01/22/2026
1601621026,Loyola University Medical Center Program,Loyola University Medical Center,Maywood,IL,60153,United States,(708) 216-9032,Anand.Germanwala@lumc.edu,"Anand V. Germanwala, MD",Continued Accreditation,01/22/2026
1602200002,MaineHealth Program,22 Bramhall St,Portland,ME,04102,United States,(202) 491-8991,Chris.Neal@mainehealth.org,"Christopher J. Neal, MD, BS, MHPE",Initial Accreditation,07/01/2025
1602431037,Mass General Brigham,Massachusetts General Hospital,Boston,MA,02114,United States,(617) 724-5805,bnahed@mgh.harvard.edu,"Brian V. Nahed, MD, MSc",Continued Accreditation,01/22/2026
1602421036,Mass General Brigham/Brigham and Women's Hospital/Children's Hospital Program,Brigham and Women's Hospital/Boston,Boston,MA,02115,United States,(617) 724-5805,rcosgrove2@bwh.harvard.edu,"Brian V. Nahed, MD, MSc",Continued Accreditation,01/22/2026
1601100133,Mayo Clinic College of Medicine and Science (Jacksonville) Program,"College of Medicine, Mayo Clinic",Jacksonville,FL,32224,United States,(904) 953-7444,carter.andersen@mayo.edu,"Kaisorn L. Chaichana, MD",Continued Accreditation,01/22/2026
1600300113,Mayo Clinic College of Medicine and Science (Phoenix) Program,Mayo Clinic College of Medicine and Science,Phoenix,AZ,85054,United States,(480) 342-4889,arzneurosurgprog@mayo.edu,"Bernard R. Bendok, MD",Continued Accreditation,01/22/2026
1602621043,Mayo Clinic College of Medicine and Science (Rochester) Program,Mayo Clinic School of Graduate Medical,Rochester,MN,55905,United States,(507) 538-6545,rstnseduc@mayo.edu,"David J. Daniels, MD, PhD",Continued Accreditation,01/22/2026
1601621022,McGaw Medical Center of Northwestern University Program © 2026 Accreditation Council for Graduate,676 N. St. Clair St.,Chicago,IL,60611,United States,(312) 695-6200,matthew.potts@northwestern.edu,"Matthew B. Potts, MD",Continued Accreditation,01/22/2026
1601221021,Medical College of Georgia Program,Medical College of Georgia @Augusta,Augusta,GA,30912,United States,(706) 721-3071,smacomso@augusta.edu,"Dion S. Macomson, MD",Continued Accreditation,01/22/2026
1605621093,Medical College of Wisconsin Affiliated Hospitals Program,Medical College of Wisconsin,Milwaukee,WI,53226,United States,(414) 955-0976,odiaz@mcw.edu,"Nathan Zwagerman, MD",Continued Accreditation,01/22/2026
1604511079,Medical University of South Carolina Program,Medical University of South Carolina,Charleston,SC,29425,United States,(843) 876-5053,kosnik@musc.edu,"Libby K. Infinger, MD, MPH",Continued Accreditation,01/22/2026
1601021016,MedStar Health Georgetown University Program,Georgetown University Hospital,Washington,DC,20007,United States,(202) 444-0719,olujie.v.ifegwu@gunet.georgetown.edu,"Mani Nathan Nair, MD, MBA, MPH",Continued Accreditation,01/22/2026
1603521051,Montefiore Medical Center/Albert Einstein College of Medicine Program,Montefiore Medical Center,Bronx,NY,10467,United States,(773) 307-0019,ryassari@montefiore.org,"Reza Yassari, MD, MSc",Continued Accreditation,01/22/2026
1601021118,National Capital Consortium Program,National Capital Consortium Neurosurgery,Bethesda,MD,20889,United States,(301) 400-1319,michael.j.cirivello.mil@health.mil,"Michael J. Cirivello, MD",Continued Accreditation,01/22/2026
1603511055,New York Presbyterian Hospital (Columbia Campus) Program,"New York Presbyterian Hospital, Columbia",New York,NY,10032,United States,,jt592@cumc.columbia.edu,"Neil A. Feldstein, MD",Continued Accreditation,01/22/2026
1603521052,New York Presbyterian Hospital (Cornell Campus) Program © 2026 Accreditation Council for Graduate,New York-Presbyterian Hospital (Cornell,New York,NY,10065,United States,(212) 746-2363,wcmneurosurgeryresidency@med.cornell.ed,"Jeffrey P. Greenfield, MD, PhD",Continued Accreditation,01/22/2026
1603521054,NYU Grossman School of Medicine Program,New York University Langone Hospitals,New York,NY,10016,United States,(347) 803-6704,Daniel.Orringer@nyulangone.org,"Daniel Orringer, MD",Continued Accreditation,01/22/2026
1603821067,Ohio State University Hospital Program,Ohio State University Medical Center,Columbus,OH,43210,United States,(614) 293-6606,sarah.hallam@osumc.edu,"Victoria Schunemann, MD",Continued Accreditation,01/22/2026
1604021070,Oregon Health & Science University (OHSU Health) Program,Oregon Health & Science University,Portland,OR,97239,United States,(503) 494-9979,nsgeducation@ohsu.edu,"Josiah N. Orina, MD",Continued Accreditation,01/22/2026
1604121110,Penn State Milton S Hershey Medical Center Program,Penn State Milton S. Hershey Medical Center,Hershey,PA,17033,United States,(717) 531-1279,rsells@pennstatehealth.psu.edu,"James McInerney, MD",Continued Accreditation,01/22/2026
1604321103,Rhode Island Hospital/Brown University Health Program,Department of Neurosurgery,Providence,RI,02903,United States,(401) 793-9169,odumon@brownhealth.org,"Curtis Doberstein, MD",Continued Accreditation,01/22/2026
1600500129,Riverside University Health System Program,Riverside University Health System Program,Moreno Valley,CA,92555,United States,(951) 897-2572,MiulliD@armc.sbcounty.gov,"Dan Miulli, DO",Continued Accreditation,01/22/2026
1601611023,Rush University Medical Center Program,Rush University Medical Center,Chicago,IL,60612,United States,(312) 942-1854,Ricardo_Fontes@rush.edu,"Ricardo B. Fontes, MD, PhD",Continued Accreditation,01/22/2026
1603321106,Rutgers Health/New Jersey Medical School Program,Rutgers New Jersey Medical School,Newark,NJ,07103,United States,(973) 972-1164,jg1388@rutgers.edu,"John L. Gillick, MD",Continued Accreditation with Warning,04/13/2026
1604121074,Sidney Kimmel Medical College at Thomas Jefferson University/TJUH Program © 2026 Accreditation Council for Graduate,Thomas Jefferson University Hospital,Philadelphia,PA,19107,United States,(215) 503-4758,christopher.farrell@jefferson.edu,"Christopher J. Farrell, MD",Continued Accreditation,01/22/2026
1601600568,Southern Illinois University School of Medicine Program,PO Box 19638,Springfield,IL,62794,United States,(217) 545-8863,nwhite86@siumed.edu,"Devin V. Amin, MD, PhD",Continued Accreditation,01/22/2026
1602821047,SSM Health/Saint Louis University School of Medicine Program,St Louis University School of Medicine,St Louis,MO,63110,United States,(314) 617-3546,jeroen.coppens@slucare.smmhealth.com,"Jeroen R. Coppens, MD",Continued Accreditation,01/22/2026
1600521012,Stanford Health Care-Sponsored Stanford University Program,453 Quarry Road,Palo Alto,CA,94304,United States,(650) 723-6661,jratliff@stanford.edu,"John K. Ratliff, MD, BA",Continued Accreditation,01/22/2026
1603500134,Stony Brook Medicine Program,Stony Brook Medical Center,Stony Brook,NY,11794,United States,(631) 444-7630,michael.egnor@stonybrookmedicine.edu,"Michael R. Egnor, MD",Continued Accreditation without Outcomes,01/22/2026
1603521058,SUNY Upstate Medical University Program,SUNY Upstate Medical University at,Syracuse,NY,13210,United States,(315) 464-5496,hazamaa@upstate.edu,"Ali Hazama, MD",Continued Accreditation,01/22/2026
1604121073,Temple University Hospital Program,Temple University Hospital,Philadelphia,PA,19140,United States,(215) 707-3094,Kadir.Erkmen@tuhs.temple.edu,"Kadir Erkmen, MD",Continued Accreditation,01/22/2026
1602431038,Tufts Medical Center Program,Tufts Medical Center,Boston,MA,02111,United States,(617) 636-5000,aurora.adams@tuftsmedicine.org,"Marie Roguski, MD, MPH",Continued Accreditation,01/22/2026
1602121033,Tulane University/Ochsner Clinic Foundation Program,Tulane University School of Medicine,New Orleans,LA,70112,United States,(504) 250-3500,cjbui@ochsner.org,"Cuong Bui, MD",Continued Accreditation,01/22/2026
1600521010,UCLA David Geffen School of Medicine/UCLA Medical Center Program © 2026 Accreditation Council for Graduate,David Geffen School of Medicine at UCLA,Los Angeles,CA,90095,United States,(310) 905-4541,GColby@mednet.ucla.edu,"Geoffrey P. Colby, MD, PhD",Continued Accreditation,01/22/2026
1602400133,UMass Chan Medical School Program,Department of Neurological Surgery,Worcester,MA,01655,United States,(508) 334-5785,mark.johnson3@umassmemorial.org,"Mark D. Johnson, MD, PhD",Continued Accreditation without Outcomes,01/22/2026
1603521050,University at Buffalo Program,State University of New York at Buffalo,Buffalo,NY,14203,United States,,residency@ubns.com,"RENEE M. REYNOLDS, MD",Continued Accreditation,01/22/2026
1600121003,University of Alabama Hospital (Birmingham) Program,UAB Department of Neurological Surgery,Birmingham,AL,35294,United States,(205) 638-9653,Curtis.Rozzelle@childrensal.org,"Curtis J. Rozzelle, MD",Continued Accreditation,01/22/2026
1600300001,University of Arizona College of Medicine - Phoenix Program,Donna Navarro-Chappy,Phoenix,AZ,85006,United States,(602) 839-5995,robert.bina@bannerhealth.com,"Robert W. Bina, MD",Continued Accreditation without Outcomes,04/13/2026
1600321112,University of Arizona College of Medicine- Tucson Program,University of Arizona Health Sciences,Tucson,AZ,85724,United States,(520) 626-0704,rjhurlbert@arizona.edu,"R. John Hurlbert, MD, PhD",Continued Accreditation,01/22/2026
1600421005,University of Arkansas for Medical Sciences (UAMS) College of Medicine Program,University Hospital of Arkansas,Little Rock,AR,72205,United States,(501) 686-5270,,"Erika A. Petersen, MD",Continued Accreditation,01/22/2026
1600512127,University of California (Irvine) Program,University of California (Irvine),Orange,CA,92868,United States,(714) 456-6966,kgolshan@hs.uci.edu,"Kiarash Golshani, MD",Continued Accreditation,01/22/2026
1600521100,University of California (San Diego) Medical Center Program,University of California (San Diego) Medical,La Jolla,CA,92037,United States,(858) 444-7009,sbenhaim@health.ucsd.edu,"Sharona Ben- Haim, MD",Continued Accreditation,01/22/2026
1600521011,University of California (San Francisco) Program © 2026 Accreditation Council for Graduate,University of California (San Francisco),San Francisco,CA,94143,United States,(415) 476-4850,shawn.hervey-jumper@ucsf.edu,"Shawn Hervey- Jumper, MD",Continued Accreditation,01/22/2026
1600511006,University of California Davis Health Program,University of California Davis Medical Center,Sacramento,CA,95817,United States,(916) 628-6734,,"Allan Martin, MD, PhD",Continued Accreditation,01/22/2026
1601611024,University of Chicago Program,University of Chicago Medical Center,Chicago,IL,60637,United States,(773) 702-2123,mherman1@bsd.uchicago.edu,"Martin D. Herman, MD, PhD",Continued Accreditation,01/22/2026
1603821064,University of Cincinnati Medical Center/College of Medicine Program,University of Cincinnati Medical Center,Cincinnati,OH,45267,United States,(513) 558-5387,jonathan.forbes@uc.edu,"Jonathan A. Forbes, MD",Continued Accreditation,01/22/2026
1600721102,University of Colorado Program,University of Colorado School of Medicine,Aurora,CO,80045,United States,(303) 724-2305,christopher.roark@cuanschutz.edu,"Christopher Roark, MD",Continued Accreditation,01/22/2026
1600800016,University of Connecticut School of Medicine Program,University of Connecticut School of Medicine,Farmington,CT,06030,United States,(860) 679-4617,bulsara@uchc.edu,"Ketan R. Bulsara, MD, MBA",Continued Accreditation without Outcomes,01/22/2026
1601121018,University of Florida Program,University of Florida,Gainesville,FL,32610,United States,(352) 273-9000,justin.hilliard@neurosurgery.ufl.edu,"Justin D. Hilliard, MD",Continued Accreditation,01/22/2026
1601621025,University of Illinois College of Medicine at Chicago Program,The University of Illinois College of Medicine,Chicago,IL,60612,United States,(312) 996-4842,fcharbel@uic.edu,"Fady T. Charbel, MD",Continued Accreditation,01/22/2026
1601621099,University of Illinois College of Medicine at Peoria Program,OSF Saint Francis Medical Center,Peoria,IL,61637,United States,(309) 655-2642,leeann6@uic.edu,"Andrew J. Tsung, MD, MBA",Continued Accreditation,01/22/2026
1601811028,University of Iowa Health Care Medical Center Program © 2026 Accreditation Council for Graduate,University of Iowa Hospitals and Clinics,Iowa City,IA,52242,United States,(319) 356-2586,katherine-oberlander@uiowa.edu,"Kathleen E. Dlouhy, MD, MA, MBA",Continued Accreditation,01/22/2026
1601921029,University of Kansas School of Medicine Program,University of Kansas Medical Center,Kansas City,KS,66160,United States,(913) 588-0356,mminea2@kumc.edu,"Christopher P. Miller, MD",Continued Accreditation,01/22/2026
1602021030,University of Kentucky College of Medicine Program,University of Kentucky Chandler Medical,Lexington,KY,40536,United States,(859) 323-8986,dylancurtsinger@uky.edu,"Thomas A. Pittman, MD",Continued Accreditation,01/22/2026
1602031031,University of Louisville School of Medicine Program,University of Louisville School of Medicine-,Louisville,KY,40202,United States,(502) 588-0492,ann.bowman@louisville.edu,"Haring J. Nauta, MD, PhD",Continued Accreditation,01/22/2026
1602321035,University of Maryland Program,University of Maryland School of Medicine,Baltimore,MD,21201,United States,(410) 328-0282,swhite@som.umaryland.edu,"Charles A. Sansur, MD, MHSc",Continued Accreditation,01/22/2026
1601121019,University of Miami/Jackson Health System Program,University of Miami School of Medicine,Miami,FL,33136,United States,(305) 689-2427,gcordero@med.miami.edu,"Ricardo J. Komotar, MD",Continued Accreditation,01/22/2026
1602521039,University of Michigan Program,University of Michigan Medical Center,Ann Arbor,MI,48109,United States,(734) 936-7010,osagher@umich.edu,"Oren Sagher, MD",Continued Accreditation,01/22/2026
1602621042,University of Minnesota Program,University of Minnesota Medical School,Minneapolis,MN,55455,United States,(612) 624-6666,neurosurged@umn.edu,"Michael C. Park, MD, PhD",Continued Accreditation,01/22/2026
1602721044,University of Mississippi Medical Center Program © 2026 Accreditation Council for Graduate,University of Mississippi Medical Center,Jackson,MS,39216,United States,(601) 984-5700,astrickland1@umc.edu,"Allison E. Strickland, MD",Continued Accreditation,01/22/2026
1602821045,University of Missouri-Columbia Program,University of Missouri Health Care,Columbia,MO,65212,United States,(573) 882-4909,umhsgmeneurosurg@health.missouri.edu,"Carolyn S. Quinsey, MD",Continued Accreditation,01/22/2026
1602800001,University of Missouri-Kansas City School of Medicine Program,4320 Wornall Rd,Kansas City,MO,64111,United States,(816) 932-6913,vbyers-harms@saint-lukes.org,"Carlos A. Bagley, MD, MBA",Initial Accreditation,07/01/2025
1603021111,University of Nebraska Medical Center College of Medicine Program,University of Nebraska Medical Center,Omaha,NE,68198,United States,(402) 559-9605,kdevney@unmc.edu,"Daniel L. Surdell, MD",Continued Accreditation,01/22/2026
1603400001,University of New Mexico School of Medicine Program,1 University of New Mexico,Albuquerque,NM,87131,United States,(505) 272-3325,CBricks@salud.unm.edu,"Christian Ricks, MD, MS",Continued Accreditation without Outcomes,01/22/2026
1603611059,University of North Carolina Hospitals Program,Department of Neurosurgery,Chapel Hill,NC,27599,United States,(919) 966-1374,,"Carlos A. David, MD",Continued Accreditation,01/22/2026
1603921068,University of Oklahoma Health Sciences Center Program,University of Oklahoma Health Sciences,Oklahoma City,OK,73104,United States,(405) 271-4912,emily-tally@ouhsc.edu,"Andrew M. Bauer, MD, MBA",Continued Accreditation,01/22/2026
1604121075,University of Pennsylvania Health System Program,Hospital of the University of Pennsylvania,Philadelphia,PA,19104,United States,(215) 615-4390,,"Han-Chiao Isaac Chen, MD",Continued Accreditation,01/22/2026
1604200001,University of Puerto Rico School of Medicine Program,PO Box 365067,San Juan,PR,00936,United States,(787) 758-2525,,"Samuel Estronza Ojeda, MD",Initial Accreditation,07/01/2025
1603511057,University of Rochester Medicine Program © 2026 Accreditation Council for Graduate,University of Rochester Medical Center,Rochester,NY,14642,United States,(585) 273-1900,Thomas_mattingly@urmc.rochester.edu,"Thomas K. Mattingly III, MD, MSc",Continued Accreditation,01/22/2026
1601121109,University of South Florida Morsani Program,University of South Florida College of,Tampa,FL,33606,United States,(813) 259-0901,memaldonado@usf.edu,"Mark S. Greenberg, MD",Continued Accreditation,01/22/2026
1600521009,University of Southern California/Los Angeles General Medical Center (USC/LA General) Program,USC/LAGMC Department of Neurological,Los Angeles,CA,90033,United States,(323) 442-6204,kguzman@usc.edu,"Gabriel Zada, MD",Continued Accreditation,01/22/2026
1604721080,University of Tennessee College of Medicine Program,The University of Tennessee Health Science,Memphis,TN,38163,United States,(901) 268-4784,,"Nickalus R. Khan, MD",Continued Accreditation,01/22/2026
1604800001,University of Texas at Austin Dell Medical School Program,1701 Trinity St,Austin,TX,78701,United States,(512) 471-0199,dellmedschool@utexas.edu,"Nicholas Barbaro, MD",Continued Accreditation without Outcomes,01/22/2026
1604831126,University of Texas Health Science Center at Houston Program,McGovern Medical School at UT Health,Houston,TX,77030,United States,(713) 704-7100,NSurgEducation@uth.tmc.edu,"Spiros Blackburn, MD",Continued Accreditation,09/16/2026
1604821085,University of Texas Health Science Center San Antonio Joe and Teresa Lozano Long School of Medicine Program,University of Texas Health Science Center,San Antonio,TX,78229,United States,(917) 297-5320,depriest@uthscsa.edu,"Justin R. Mascitelli, MD",Continued Accreditation,09/16/2026
1604821083,University of Texas Medical Branch Hospitals Program,University of Texas Medical Branch,Galveston,TX,77555,United States,(405) 831-7398,tomcdani@utmb.edu,"Nathan L. Pratt, MD, MS",Continued Accreditation,01/22/2026
1604821082,University of Texas Southwestern Medical Center Program © 2026 Accreditation Council for Graduate,University of Texas Southwestern Medical,Dallas,TX,75390,United States,(214) 648-7912,NSEducationOffice@UTSouthwestern.edu,"Jonathan White, MD",Continued Accreditation,01/22/2026
1604931086,University of Utah Health Program,University of Utah Health Care,Salt Lake City,UT,84132,United States,(801) 662-5360,amy.ekins@hsc.utah.edu,"John Kestle, MD, MSc",Continued Accreditation,01/22/2026
1605021101,University of Vermont Medical Center Program,University of Vermont Medical Center,Burlington,VT,05401,United States,(802) 847-3152,Jenna.Haskins@uvmhealth.org,"Katrina Ducis, MD",Continued Accreditation,01/22/2026
1605121088,University of Virginia Medical Center Program,University of Virginia Health System,Charlottesville,VA,22908,United States,(434) 243-6921,hls3e@uvahealth.org,"Heather S. Spader, MD",Continued Accreditation,01/22/2026
1605421090,University of Washington Program,Harborview Medical Center-UW Medicine,Seattle,WA,98104,United States,(206) 744-9300,resns@uw.edu,"Ali C. Ravanpay, MD, PhD",Continued Accreditation,01/22/2026
1605621092,University of Wisconsin Hospitals and Clinics Program,University of Wisconsin Hospitals and Clinics,Madison,WI,53792,United States,(608) 263-1411,anderson@neurosurgery.wisc.edu,"Daniel K. Resnick, MD",Continued Accreditation,01/22/2026
1604131076,UPMC Medical Education Program,University of Pittsburgh Medical Center,Pittsburgh,PA,15213,United States,(412) 647-3685,lukehartml@upmc.edu,"Pascal O. Zinn, MD",Continued Accreditation,01/22/2026
1604721081,Vanderbilt University Medical Center Program,Vanderbilt University Medical Center,Nashville,TN,37232,United States,(615) 343-2452,stacy.reynolds@vumc.org,"Rohan Chitale, MD",Continued Accreditation,01/22/2026
1605121089,Virginia Commonwealth University Health System Program,VCUHS / MCV,Richmond,VA,23298,United States,(804) 828-9165,vcuneurosurgeryresidency@vcuhealth.org,"Dennis J. Rivet II, MD",Continued Accreditation,01/22/2026
1603611061,Wake Forest University Baptist Medical Center Program © 2026 Accreditation Council for Graduate,Wake Forest University School of Medicine,Winston-Salem,NC,27157,United States,(336) 716-4081,neurosurgeryresidenc@wakehealth.edu,"Jaclyn J. White, MD",Continued Accreditation,01/22/2026
1602811046,Washington University/B-JH/SLCH Consortium Program,Washington University School of Medicine,St Louis,MO,63110,United States,(314) 747-6561,sophie.church@wustl.edu,"Joshua W. Osbun, MD",Continued Accreditation,01/22/2026
1605511091,West Virginia University Program,West Virginia University School of Medicine,Morgantown,WV,26506,United States,(304) 598-6130,nicholas.brandmeir@hsc.wvu.edu,"Nicholas Brandmeir, MD, MS",Continued Accreditation,01/22/2026
1603521108,Westchester Medical Center Program,Westchester Medical Center,Valhalla,NY,10595,United States,(914) 493-8795,simon.hanft@wmchealth.org,"Simon Hanft, MD",Continued Accreditation,01/22/2026
1600821015,Yale-New Haven Medical Center Program,Yale University School of Medicine,New Haven,CT,06520,United States,(203) 785-2809,michael.diluna@yale.edu,"MIchael L. Diluna, MD",Continued Accreditation,01/22/2026
1603531130,Zucker School of Medicine at Hofstra/Northwell Program 124 programs found. © 2026 Accreditation Council for Graduate,North Shore University Hospital,Manhasset,NY,11030,United States,(516) 941-1260,rraio@northwell.edu,"Michael Schulder, MD",Continued Accreditation,01/22/2026
