program_id,program,residents,attrition,rate,ci95,expected,p_greater,above_95,above_998,low_confidence_years,q_bh,medium_confidence_years
29,Inova Fairfax Hospital Campus Program,8,2,25.0,"(7.1, 59.1)",0.5,0.0921,False,False,0,0.9666,4
109,University of Texas Medical Branch Hospitals Program,18,4,22.2,"(9.0, 45.2)",1.2,0.0268,False,False,0,0.9666,2
38,Mayo Clinic College of Medicine and Science (Jacksonville) Program,14,3,21.4,"(7.6, 47.6)",0.9,0.0593,False,False,1,0.9666,8
62,Stony Brook Medicine Program,5,1,20.0,"(3.6, 62.4)",0.3,0.2871,False,False,0,1.0,3
81,University of Connecticut School of Medicine Program,5,1,20.0,"(3.6, 62.4)",0.3,0.2871,False,False,0,1.0,0
22,George Washington University Program,21,4,19.0,"(7.7, 40.0)",1.4,0.0448,False,False,0,0.9666,2
112,University of Vermont Medical Center Program,16,3,18.8,"(6.6, 43.0)",1.0,0.0828,False,False,3,0.9666,3
73,University of Arkansas for Medical Sciences (UAMS) College of Medicine,33,6,18.2,"(8.6, 34.4)",2.2,0.0188,True,False,5,0.9666,0
64,Temple University Hospital Program,17,3,17.6,"(6.2, 41.0)",1.1,0.0958,False,False,0,0.9666,2
111,University of Utah Health Program,37,6,16.2,"(7.7, 31.1)",2.4,0.0317,False,False,0,0.9666,4
118,Virginia Commonwealth University Health System Program,31,5,16.1,"(7.1, 32.6)",2.0,0.0491,False,False,0,0.9666,3
121,West Virginia University Program,19,3,15.8,"(5.5, 37.6)",1.2,0.1242,False,False,0,0.9666,1
88,University of Louisville School of Medicine Program,28,4,14.3,"(5.7, 31.5)",1.8,0.1074,False,False,0,0.9666,1
94,University of Missouri-Columbia Program,21,3,14.3,"(5.0, 34.6)",1.4,0.1551,False,False,2,0.9713,3
108,University of Texas Health Science Center San Antonio Joe and Teresa L,36,5,13.9,"(6.1, 28.7)",2.4,0.0836,False,False,0,0.9666,2
102,University of Rochester Medicine Program,29,4,13.8,"(5.5, 30.6)",1.9,0.1184,False,False,0,0.9666,0
119,Wake Forest University Baptist Medical Center Program,30,4,13.3,"(5.3, 29.7)",2.0,0.13,False,False,0,0.9666,1
2,Allegheny Health Network Medical Education Consortium (AGH) Program,31,4,12.9,"(5.1, 28.9)",2.0,0.1419,False,False,1,0.9713,1
12,Cleveland Clinic Foundation Program,47,6,12.8,"(6.0, 25.2)",3.1,0.0848,False,False,0,0.9666,1
18,Dartmouth- Hitchcock/Mary Hitchcock Memorial Hospital Program,16,2,12.5,"(3.5, 36.0)",1.0,0.2821,False,False,0,1.0,3
107,University of Texas Health Science Center at Houston Program,41,5,12.2,"(5.3, 25.5)",2.7,0.1279,False,False,0,0.9666,3
48,New York Presbyterian Hospital (Columbia Campus) Program,33,4,12.1,"(4.8, 27.3)",2.2,0.1671,False,False,0,0.9943,0
78,University of Chicago Program,25,3,12.0,"(4.2, 30.0)",1.6,0.2227,False,False,0,1.0,3
8,Carilion Clinic- Virginia Tech Carilion School of Medicine Program,17,2,11.8,"(3.3, 34.3)",1.1,0.3069,False,False,0,1.0,7
60,SSM Health/Saint Louis University School of Medicine Program,17,2,11.8,"(3.3, 34.3)",1.1,0.3069,False,False,0,1.0,6
82,University of Florida Program,43,5,11.6,"(5.1, 24.5)",2.8,0.1481,False,False,0,0.9713,0
10,Case Western Reserve University/University Hospitals Cleveland Medical,37,4,10.8,"(4.3, 24.7)",2.4,0.2215,False,False,0,1.0,3
51,Ohio State University Hospital Program,37,4,10.8,"(4.3, 24.7)",2.4,0.2215,False,False,0,1.0,1
26,Houston Methodist Hospital (Medical Center) Program,28,3,10.7,"(3.7, 27.2)",1.8,0.2764,False,False,4,1.0,0
44,Medical University of South Carolina Program,28,3,10.7,"(3.7, 27.2)",1.8,0.2764,False,False,0,1.0,1
123,Yale-New Haven Medical Center Program,29,3,10.3,"(3.6, 26.4)",1.9,0.2947,False,False,0,1.0,1
25,Henry Ford Providence Hospital Program,30,3,10.0,"(3.5, 25.6)",2.0,0.313,False,False,0,1.0,4
17,Corewell Health/William Beaumont University (Dearborn/Royal Oak) Progr,10,1,10.0,"(1.8, 40.4)",0.7,0.4918,False,False,0,1.0,5
32,Louisiana State University (Shreveport) Program,32,3,9.4,"(3.2, 24.2)",2.1,0.3496,False,False,0,1.0,3
55,Riverside University Health System Program,33,3,9.1,"(3.1, 23.6)",2.2,0.3679,False,False,3,1.0,5
80,University of Colorado Program,33,3,9.1,"(3.1, 23.6)",2.2,0.3679,False,False,0,1.0,3
59,Southern Illinois University School of Medicine Program,11,1,9.1,"(1.6, 37.7)",0.7,0.5251,False,False,0,1.0,0
120,Washington University/B-JH/SLCH Consortium Program,45,4,8.9,"(3.5, 20.7)",2.9,0.34,False,False,0,1.0,4
63,SUNY Upstate Medical University Program,24,2,8.3,"(2.3, 25.8)",1.6,0.4719,False,False,0,1.0,3
83,University of Illinois College of Medicine at Chicago Program,24,2,8.3,"(2.3, 25.8)",1.6,0.4719,False,False,0,1.0,1
56,Rush University Medical Center Program,37,3,8.1,"(2.8, 21.3)",2.4,0.4396,False,False,0,1.0,8
5,Baylor College of Medicine Program,52,4,7.7,"(3.0, 18.2)",3.4,0.4453,False,False,0,1.0,5
30,Johns Hopkins University Program,52,4,7.7,"(3.0, 18.2)",3.4,0.4453,False,False,0,1.0,1
110,University of Texas Southwestern Medical Center Program,39,3,7.7,"(2.7, 20.3)",2.6,0.4743,False,False,0,1.0,2
43,Medical College of Wisconsin Affiliated Hospitals Program,26,2,7.7,"(2.1, 24.1)",1.7,0.5146,False,False,1,1.0,1
77,University of California Davis Health Program,27,2,7.4,"(2.1, 23.4)",1.8,0.5351,False,False,0,1.0,0
41,McGaw Medical Center of Northwestern University Program,41,3,7.3,"(2.5, 19.4)",2.7,0.508,False,False,0,1.0,0
27,Icahn School of Medicine at Mount Sinai Program,28,2,7.1,"(2.0, 22.6)",1.8,0.555,False,False,0,1.0,2
87,University of Kentucky College of Medicine Program,28,2,7.1,"(2.0, 22.6)",1.8,0.555,False,False,1,1.0,0
21,Geisinger Health System Program,14,1,7.1,"(1.3, 31.5)",0.9,0.6123,False,False,3,1.0,6
114,University of Washington Program,43,3,7.0,"(2.4, 18.6)",2.8,0.5405,False,False,0,1.0,5
24,Henry Ford Health/Henry Ford Hospital Program,29,2,6.9,"(1.9, 22.0)",1.9,0.5743,False,False,6,1.0,2
85,University of Iowa Health Care Medical Center Program,29,2,6.9,"(1.9, 22.0)",1.9,0.5743,False,False,0,1.0,1
61,Stanford Health Care-Sponsored Stanford University Program,45,3,6.7,"(2.3, 17.9)",2.9,0.5717,False,False,0,1.0,0
67,UCLA David Geffen School of Medicine/UCLA Medical Center Program,45,3,6.7,"(2.3, 17.9)",2.9,0.5717,False,False,3,1.0,0
49,New York Presbyterian Hospital (Cornell Campus) Program,30,2,6.7,"(1.8, 21.3)",2.0,0.593,False,False,0,1.0,0
92,University of Minnesota Program,30,2,6.7,"(1.8, 21.3)",2.0,0.593,False,False,0,1.0,3
42,Medical College of Georgia Program,16,1,6.2,"(1.1, 28.3)",1.0,0.6614,False,False,1,1.0,0
72,University of Arizona College of Medicine- Tucson Program,16,1,6.2,"(1.1, 28.3)",1.0,0.6614,False,False,4,1.0,3
65,Tufts Medical Center Program,17,1,5.9,"(1.0, 27.0)",1.1,0.6836,False,False,0,1.0,0
105,University of Tennessee College of Medicine Program,35,2,5.7,"(1.6, 18.6)",2.3,0.6771,False,False,0,1.0,1
53,Penn State Milton S Hershey Medical Center Program,37,2,5.4,"(1.5, 17.7)",2.4,0.7065,False,False,0,1.0,7
31,Loma Linda University Health Education Consortium Program,19,1,5.3,"(0.9, 24.6)",1.2,0.7236,False,False,0,1.0,7
97,University of New Mexico School of Medicine Program,19,1,5.3,"(0.9, 24.6)",1.2,0.7236,False,False,1,1.0,4
57,Rutgers Health/New Jersey Medical School Program,40,2,5.0,"(1.4, 16.5)",2.6,0.7464,False,False,0,1.0,7
125,"Wayne State University / Detroit Medical Center Program (CLOSED, not o",20,1,5.0,"(0.9, 23.6)",1.3,0.7417,False,False,1,1.0,6
116,UPMC Medical Education Program,61,3,4.9,"(1.7, 13.5)",4.0,0.7706,False,False,0,1.0,0
52,Oregon Health & Science University (OHSU Health) Program,42,2,4.8,"(1.3, 15.8)",2.7,0.7704,False,False,0,1.0,0
69,University at Buffalo Program,42,2,4.8,"(1.3, 15.8)",2.7,0.7704,False,False,0,1.0,2
76,University of California (San Francisco) Program,42,2,4.8,"(1.3, 15.8)",2.7,0.7704,False,False,0,1.0,0
104,University of Southern California/Los Angeles General Medical Center (,42,2,4.8,"(1.3, 15.8)",2.7,0.7704,False,False,0,1.0,2
33,Louisiana State University School of Medicine Program,21,1,4.8,"(0.8, 22.7)",1.4,0.7586,False,False,0,1.0,4
74,University of California (Irvine) Program,21,1,4.8,"(0.8, 22.7)",1.4,0.7586,False,False,0,1.0,1
46,Montefiore Medical Center/Albert Einstein College of Medicine Program,23,1,4.3,"(0.8, 21.0)",1.5,0.7892,False,False,0,1.0,7
54,Rhode Island Hospital/Brown University Health Program,23,1,4.3,"(0.8, 21.0)",1.5,0.7892,False,False,0,1.0,4
84,University of Illinois College of Medicine at Peoria Program,23,1,4.3,"(0.8, 21.0)",1.5,0.7892,False,False,1,1.0,1
93,University of Mississippi Medical Center Program,23,1,4.3,"(0.8, 21.0)",1.5,0.7892,False,False,0,1.0,3
99,University of Oklahoma Health Sciences Center Program,23,1,4.3,"(0.8, 21.0)",1.5,0.7892,False,False,1,1.0,2
86,University of Kansas School of Medicine Program,27,1,3.7,"(0.7, 18.3)",1.8,0.8392,False,False,0,1.0,0
45,MedStar Health Georgetown University Program,28,1,3.6,"(0.6, 17.7)",1.8,0.8497,False,False,0,1.0,10
96,University of Nebraska Medical Center College of Medicine Program,28,1,3.6,"(0.6, 17.7)",1.8,0.8497,False,False,0,1.0,4
4,Barrow Neurological Institute at St Joseph's Hospital and Medical Cent,59,2,3.4,"(0.9, 11.5)",3.9,0.9054,False,False,2,1.0,2
75,University of California (San Diego) Medical Center Program,30,1,3.3,"(0.6, 16.7)",2.0,0.8687,False,False,0,1.0,1
79,University of Cincinnati Medical Center/College of Medicine Program,30,1,3.3,"(0.6, 16.7)",2.0,0.8687,False,False,0,1.0,2
115,University of Wisconsin Hospitals and Clinics Program,30,1,3.3,"(0.6, 16.7)",2.0,0.8687,False,False,1,1.0,0
91,University of Michigan Program,36,1,2.8,"(0.5, 14.2)",2.4,0.9126,False,False,0,1.0,0
113,University of Virginia Medical Center Program,36,1,2.8,"(0.5, 14.2)",2.4,0.9126,False,False,0,1.0,0
28,Indiana University School of Medicine Program,38,1,2.6,"(0.5, 13.5)",2.5,0.9236,False,False,0,1.0,2
50,NYU Grossman School of Medicine Program,38,1,2.6,"(0.5, 13.5)",2.5,0.9236,False,False,1,1.0,1
37,Mass General Brigham/Brigham and Women's Hospital/Children's Hospital ,42,1,2.4,"(0.4, 12.3)",2.7,0.9417,False,False,0,1.0,2
36,Mass General Brigham,44,1,2.3,"(0.4, 11.8)",2.9,0.9491,False,False,0,1.0,0
117,Vanderbilt University Medical Center Program,43,1,2.3,"(0.4, 12.1)",2.8,0.9456,False,False,1,1.0,0
58,Sidney Kimmel Medical College at Thomas Jefferson University/TJUH Prog,45,1,2.2,"(0.4, 11.6)",2.9,0.9524,False,False,0,1.0,0
40,Mayo Clinic College of Medicine and Science (Rochester) Program,49,0,0.0,"(0.0, 7.3)",3.2,1.0,False,False,4,1.0,2
20,Emory University School of Medicine Program,46,0,0.0,"(0.0, 7.7)",3.0,1.0,False,False,1,1.0,3
19,Duke University Hospital Program,43,0,0.0,"(0.0, 8.2)",2.8,1.0,False,False,0,1.0,1
70,University of Alabama Hospital (Birmingham) Program,42,0,0.0,"(0.0, 8.4)",2.7,1.0,False,False,0,1.0,1
90,University of Miami/Jackson Health System Program,42,0,0.0,"(0.0, 8.4)",2.7,1.0,False,False,0,1.0,5
100,University of Pennsylvania Health System Program,42,0,0.0,"(0.0, 8.4)",2.7,1.0,False,False,0,1.0,5
103,University of South Florida Morsani Program,32,0,0.0,"(0.0, 10.7)",2.1,1.0,False,False,0,1.0,0
124,Zucker School of Medicine at Hofstra/Northwell Program 124 programs fo,31,0,0.0,"(0.0, 11.0)",2.0,1.0,False,False,0,1.0,6
89,University of Maryland Program,28,0,0.0,"(0.0, 12.1)",1.8,1.0,False,False,0,1.0,4
98,University of North Carolina Hospitals Program,28,0,0.0,"(0.0, 12.1)",1.8,1.0,False,False,0,1.0,0
1,Albany Med Health System Program,27,0,0.0,"(0.0, 12.5)",1.8,1.0,False,False,3,1.0,4
34,Loyola University Medical Center Program,22,0,0.0,"(0.0, 14.9)",1.4,1.0,False,False,0,1.0,7
66,Tulane University/Ochsner Clinic Foundation Program,22,0,0.0,"(0.0, 14.9)",1.4,1.0,False,False,0,1.0,4
11,Cedars-Sinai Medical Center Program,21,0,0.0,"(0.0, 15.5)",1.4,1.0,False,False,3,1.0,3
15,Cooper Medical School of Rowan University/Cooper University Hospital P,21,0,0.0,"(0.0, 15.5)",1.4,1.0,False,False,3,1.0,3
122,Westchester Medical Center Program,18,0,0.0,"(0.0, 17.6)",1.2,1.0,False,False,1,1.0,3
101,University of Puerto Rico School of Medicine Program,14,0,0.0,"(0.0, 21.5)",0.9,1.0,False,False,0,1.0,0
6,Baylor Scott & White Medical Center - Baylor College of Medicine (Temp,13,0,0.0,"(0.0, 22.8)",0.9,1.0,False,False,0,1.0,6
14,Clinical Center at the National Institutes of Health Program,13,0,0.0,"(0.0, 22.8)",0.9,1.0,False,False,0,1.0,0
9,Carolinas Medical Center Program,11,0,0.0,"(0.0, 25.9)",0.7,1.0,False,False,0,1.0,0
7,Beth Israel Deaconess Medical Center Program,10,0,0.0,"(0.0, 27.8)",0.7,1.0,False,False,0,1.0,1
16,Corewell Health – Grand Rapids/Michigan State University Program,7,0,0.0,"(0.0, 35.4)",0.5,1.0,False,False,0,1.0,0
39,Mayo Clinic College of Medicine and Science (Phoenix) Program,6,0,0.0,"(0.0, 39.0)",0.4,1.0,False,False,0,1.0,1
68,UMass Chan Medical School Program,6,0,0.0,"(0.0, 39.0)",0.4,1.0,False,False,0,1.0,0
106,University of Texas at Austin Dell Medical School Program,3,0,0.0,"(0.0, 56.1)",0.2,1.0,False,False,0,1.0,2
71,University of Arizona College of Medicine - Phoenix Program,2,0,0.0,"(0.0, 65.8)",0.1,1.0,False,False,0,1.0,1
